Symbol,Date,Open,High,Low,Volume,Close,Bullish,Bearish
IBM,2009-09-23,185.4,188.9,185.03,21215709.0,185.5,1.7500,0.4600
IBM,2009-09-24,187.2,187.7,182.77,19674213.0,183.82,0.4200,0.3500
IBM,2009-09-28,183.87,186.68,183.33,12058857.0,186.15,0.8500,0.0600
IBM,2009-09-30,186.13,186.45,182.61,19270805.0,185.35,2.0000,0.0000
IBM,2009-10-07,189.76,190.55,189.03,16630987.0,190.25,1.7000,0.0000
IBM,2009-10-12,191.02,191.51,189.64,10291108.0,190.81,0.0600,0.0000
IBM,2009-10-14,192.25,192.32,190.23,13420377.0,191.29,1.0000,0.0000
IBM,2009-10-15,189.63,190.92,189.53,13341246.0,190.56,1.1500,0.8300
IBM,2009-10-16,189.35,190.36,187.84,15408027.0,188.05,0.3800,1.1300
IBM,2009-10-20,200.6,201.75,197.85,40751402.0,198.76,0.0000,1.4400
IBM,2009-10-21,199.52,208.71,199.23,42633075.0,204.92,0.0000,0.1400
IBM,2009-10-27,201.66,202.81,196.45,27019639.0,197.37,1.8300,0.0000
IBM,2009-10-29,195.0,196.81,192.14,20371723.0,196.35,0.0000,0.0900
IBM,2009-10-30,196.06,196.8,186.07,25625842.0,188.5,0.0000,2.4800
IBM,2009-11-03,187.85,189.52,185.92,18662202.0,188.75,1.8300,0.0000
IBM,2009-11-06,192.51,195.19,192.4,10543909.0,194.34,0.3700,0.0000
IBM,2009-12-02,198.96,201.42,195.75,25544958.0,196.23,2.8800,0.0000
IBM,2009-12-08,189.36,192.35,188.7,24657040.0,189.87,0.0300,0.0000
IBM,2009-12-09,191.28,198.16,190.31,24456455.0,197.8,2.4000,0.0000
IBM,2009-12-10,199.5,199.7,196.12,17488165.0,196.43,2.0000,0.0000
IBM,2009-12-14,195.37,197.43,192.56,17706732.0,196.98,1.0000,1.4400
IBM,2009-12-21,196.05,199.75,195.67,21870444.0,198.23,0.0000,2.2900
IBM,2009-12-22,199.44,200.85,198.66,12482649.0,200.36,2.3100,0.0000
IBM,2009-12-23,201.25,202.38,200.81,12340141.0,202.1,1.8300,0.0000
IBM,2009-12-28,211.72,213.95,209.61,23020150.0,211.61,2.3800,0.0000
IBM,2010-01-05,214.6,215.59,213.25,21496572.0,214.38,2.2000,0.0000
IBM,2010-01-06,214.38,215.23,210.75,19719942.0,210.97,1.3200,0.0000
IBM,2010-01-08,210.3,212.0,209.06,15995583.0,211.98,2.0000,0.0000
IBM,2010-01-14,210.11,210.46,209.02,15469773.0,209.43,1.8600,0.0000
IBM,2010-01-19,208.33,215.19,207.24,26071660.0,215.04,1.3900,0.7500
IBM,2010-01-20,214.91,215.55,209.5,21862556.0,211.72,2.6000,0.0000
IBM,2010-01-21,212.08,213.31,207.21,21719795.0,208.07,0.2900,0.0000
IBM,2010-01-27,206.85,210.58,199.53,61520290.0,207.88,0.0000,2.4100
IBM,2010-02-01,192.37,196.0,191.3,26781203.0,194.73,2.2000,0.0000
IBM,2010-02-02,195.91,196.32,193.38,24940759.0,195.86,0.0000,0.6300
IBM,2010-02-03,195.17,200.2,194.42,21975967.0,199.23,0.0000,0.1400
IBM,2010-03-02,209.93,210.83,207.74,20233736.0,208.85,0.3900,0.0000
IBM,2010-03-05,214.94,219.7,214.63,32129229.0,218.95,1.8800,0.0000
IBM,2010-03-08,220.01,220.09,218.25,15353177.0,219.08,0.0000,2.3300
IBM,2010-03-09,218.31,225.0,217.89,32866380.0,223.02,0.4400,0.0000
IBM,2010-03-17,224.9,226.45,223.27,16105571.0,224.12,0.0000,0.5500
IBM,2010-03-18,224.1,225.0,222.61,12218159.0,224.65,1.1000,0.0000
IBM,2010-03-23,225.64,228.78,224.1,21515311.0,228.36,2.2800,0.0000
IBM,2010-03-24,227.64,230.2,227.51,21367176.0,229.37,2.8500,0.0000
IBM,2010-03-25,230.92,230.97,226.25,19402382.0,226.65,3.2200,0.0000
IBM,2010-03-30,236.6,237.48,234.25,18832475.0,235.84,0.0000,2.8000
IBM,2010-04-06,238.2,240.24,237.0,15964884.0,239.54,0.0000,2.1900
IBM,2010-04-07,239.72,241.92,238.66,22446433.0,240.6,0.0000,1.4400
IBM,2010-04-08,240.44,241.54,238.04,20463803.0,239.95,0.8000,1.4500
IBM,2010-04-09,241.43,241.89,240.46,11935092.0,241.79,1.4200,0.5700
IBM,2010-04-12,242.2,243.07,241.81,11900548.0,242.29,1.9900,0.0000
IBM,2010-04-13,241.86,242.8,241.11,10936075.0,242.43,0.1900,2.4800
IBM,2010-04-14,245.28,245.81,244.07,14431222.0,245.69,1.3400,0.5300
IBM,2010-04-15,245.78,249.03,245.51,13456560.0,248.92,1.8200,0.0000
IBM,2010-04-16,248.57,251.14,244.55,26805138.0,247.4,1.3000,0.5500
IBM,2010-04-19,247.03,247.89,241.77,20247213.0,247.07,1.5900,0.2300
IBM,2010-04-20,248.54,249.25,242.96,26368711.0,244.59,0.8800,1.6000
IBM,2010-04-22,258.24,266.75,256.2,28336545.0,266.47,1.4200,0.3800
IBM,2010-04-28,263.25,264.0,256.41,27085710.0,261.6,0.0000,1.7400
IBM,2010-04-29,263.02,270.0,262.01,19958535.0,268.64,1.3100,0.0000
IBM,2010-05-03,263.84,267.88,262.88,16226433.0,266.35,1.7000,0.0000
IBM,2010-05-04,263.03,263.29,256.75,25850690.0,258.68,0.0000,0.8000
IBM,2010-05-05,253.03,258.14,248.73,31539398.0,255.98,0.0000,1.0000
IBM,2010-05-06,253.83,258.25,199.25,45923556.0,246.25,1.7500,0.0000
IBM,2010-05-12,259.24,263.13,258.7,23370625.0,262.09,2.8400,0.0000
IBM,2010-05-13,263.22,265.0,256.4,21418218.0,258.36,2.0900,0.6100
IBM,2010-05-14,255.16,256.48,249.5,27120051.0,253.82,1.6300,0.0000
IBM,2010-05-17,254.7,256.18,247.71,27244036.0,254.22,1.3000,0.0000
IBM,2010-05-21,232.82,244.5,231.35,43710965.0,242.32,1.1700,0.0000
IBM,2010-05-27,250.6,253.89,249.11,23796477.0,253.35,0.0000,1.4700
IBM,2010-06-02,264.54,264.8,260.34,24590932.0,263.95,2.3000,0.0000
IBM,2010-06-09,251.47,251.9,242.49,30522453.0,243.2,3.1900,0.0000
IBM,2010-06-21,277.69,279.01,268.73,27731779.0,270.17,0.0000,1.0800
IBM,2010-07-01,254.3,254.8,243.22,36534020.0,248.48,2.5000,0.0000
IBM,2010-07-13,256.32,256.4,246.43,42534094.0,251.8,3.6300,0.0000
IBM,2010-07-19,249.88,249.88,239.6,36589212.0,245.58,0.2300,1.3700
IBM,2010-07-20,242.9,252.9,240.01,38391073.0,251.89,0.8700,0.6700
IBM,2010-07-21,265.09,265.15,254.0,42345346.0,254.24,0.8200,0.5000
IBM,2010-07-22,257.68,260.0,255.31,23047046.0,259.02,0.1300,0.0000
IBM,2010-07-23,257.09,260.38,256.28,19049523.0,259.94,0.8200,0.0000
IBM,2010-07-26,260.0,260.1,257.71,15019636.0,259.28,0.7100,0.0000
IBM,2010-07-27,260.87,264.8,260.3,20884663.0,264.08,0.0000,0.3200
IBM,2010-07-28,263.67,265.99,260.25,18570870.0,260.96,0.3700,0.0000
IBM,2010-07-29,260.71,262.65,256.1,22993055.0,258.11,0.0000,2.7800
IBM,2010-07-30,255.89,259.7,254.9,16016280.0,257.25,1.5400,0.0000
IBM,2010-08-04,262.84,264.28,260.31,15019868.0,262.98,0.0000,1.7500
IBM,2010-08-05,261.73,263.18,260.55,10334374.0,261.7,1.3300,0.1000
IBM,2010-08-09,261.48,262.15,259.57,10825908.0,261.75,1.4700,0.8900
IBM,2010-08-11,255.4,255.69,249.81,22144724.0,250.19,2.0600,0.0000
IBM,2010-08-13,251.65,251.88,249.09,12673805.0,249.1,0.0000,2.3300
IBM,2010-08-17,250.08,254.63,249.2,15094603.0,251.97,2.0000,0.0000
IBM,2010-08-20,249.39,253.92,249.0,13722458.0,249.64,0.0000,3.2000
IBM,2010-08-27,241.75,242.61,235.56,19592368.0,241.62,2.3000,0.0000
IBM,2010-08-30,240.76,245.75,240.68,13688842.0,242.5,1.4400,0.0000
IBM,2010-09-01,247.47,251.46,246.28,24894115.0,250.33,1.7100,0.0000
IBM,2010-09-10,263.19,264.5,261.4,13848617.0,263.41,0.0000,2.0000
IBM,2010-09-17,277.69,277.96,273.68,22659813.0,275.37,0.4000,0.0000
IBM,2010-09-20,276.08,283.78,275.85,23546119.0,283.23,1.5700,0.0000
IBM,2010-09-21,283.86,287.35,282.79,23916983.0,283.77,2.3500,0.0000
IBM,2010-09-22,282.71,287.98,282.41,20907682.0,287.75,2.1900,0.0000
IBM,2010-09-23,286.33,292.76,286.0,28075553.0,288.92,0.0000,2.4900
IBM,2010-09-24,292.1,293.53,290.55,23195972.0,292.32,1.6200,0.0000
IBM,2010-09-27,293.98,294.73,291.01,17253559.0,291.16,2.3600,0.0000
IBM,2010-09-28,291.77,291.77,275.0,36965773.0,286.86,1.0000,1.1100
IBM,2010-09-29,287.23,289.81,286.0,16772944.0,287.37,1.7000,0.0000
IBM,2010-10-01,286.15,286.58,281.35,16014492.0,282.52,0.9500,0.0000
IBM,2010-10-05,282.0,289.45,281.82,17927350.0,288.94,2.0700,0.0000
IBM,2010-10-08,291.71,294.5,290.0,23514402.0,294.07,1.7600,0.3000
IBM,2010-10-11,294.74,297.24,294.6,15276819.0,295.36,2.2200,0.0000
IBM,2010-10-12,295.41,299.5,292.49,19947809.0,298.54,2.5300,0.0000
IBM,2010-10-13,300.2,301.96,299.8,22503227.0,300.14,1.8700,0.0000
IBM,2010-10-14,301.69,302.47,300.4,15546275.0,302.31,0.0000,1.7800
IBM,2010-10-18,318.47,319.0,314.29,39444913.0,318.0,0.8000,1.3800
IBM,2010-10-19,303.4,313.77,300.02,44027119.0,309.49,1.0500,0.0000
IBM,2010-10-20,309.0,314.25,306.87,25772290.0,310.53,1.2600,0.3800
IBM,2010-10-25,309.09,311.6,308.44,14015428.0,308.84,1.2100,1.0000
IBM,2010-10-26,306.87,309.74,305.65,14033191.0,308.05,1.9700,0.0000
IBM,2010-10-29,304.23,305.88,300.87,15375304.0,300.98,2.6600,0.0000
IBM,2010-11-01,302.22,305.6,302.2,15138893.0,304.18,2.1700,0.0000
IBM,2010-11-03,311.37,312.88,308.53,18155264.0,312.8,0.0000,0.6500
IBM,2010-11-09,321.05,321.3,314.5,13704115.0,316.08,3.0600,0.0000
IBM,2010-11-19,307.97,308.4,305.24,13744399.0,306.73,2.9000,0.0000
IBM,2010-11-29,315.5,317.48,311.38,15919985.0,316.87,0.0000,2.4000
IBM,2010-12-06,318.64,322.33,318.42,16017161.0,320.15,2.4600,0.0000
IBM,2010-12-07,323.8,323.99,318.12,13980495.0,318.21,1.4800,0.0000
IBM,2010-12-08,319.63,321.02,317.11,11497643.0,321.01,3.0000,0.0000
IBM,2010-12-09,322.13,322.5,319.02,10505218.0,319.76,1.1600,1.3600
IBM,2010-12-10,319.65,321.05,318.6,9377749.0,320.56,0.0000,2.5000
IBM,2010-12-14,321.73,322.54,319.0,12555966.0,320.29,1.7100,0.9300
IBM,2010-12-16,321.09,322.61,320.1,11501014.0,321.25,0.6100,0.0600
IBM,2010-12-17,321.63,321.79,320.23,13826724.0,320.61,2.3000,0.0000
IBM,2010-12-20,321.6,323.25,318.23,13771742.0,322.21,0.0700,0.0000
IBM,2010-12-21,323.0,324.39,322.05,9155412.0,324.2,2.4700,0.0100
IBM,2010-12-22,324.36,325.72,323.55,9505147.0,325.16,2.2100,0.0000
IBM,2010-12-23,325.0,325.15,323.17,7982168.0,323.6,0.8900,0.1800
IBM,2010-12-28,325.91,326.66,325.06,6282971.0,325.47,1.5100,0.0000
IBM,2010-12-29,326.22,326.45,325.1,5831096.0,325.29,2.3000,0.0000
IBM,2010-12-30,325.48,325.51,323.05,5630713.0,323.66,2.1700,0.0000
IBM,2010-12-31,322.95,323.48,321.31,6916261.0,322.56,0.0000,0.0000
IBM,2011-01-03,325.64,330.26,324.84,15897201.0,329.57,1.5400,1.4000
IBM,2011-01-04,332.44,332.5,328.15,11048143.0,331.29,2.2600,0.0000
IBM,2011-01-05,329.55,334.34,329.5,9125599.0,334.0,0.5800,0.3900
IBM,2011-01-07,333.99,336.35,331.9,11140316.0,336.12,1.8000,0.0000
IBM,2011-01-12,343.25,344.43,342.0,10806330.0,344.42,2.5800,0.0000
IBM,2011-01-13,345.16,346.64,343.85,10648026.0,345.68,1.6400,0.0000
IBM,2011-01-14,345.89,348.48,344.44,11029964.0,348.48,1.9000,0.0000
IBM,2011-01-18,329.52,344.76,326.0,67178100.0,340.65,1.1900,0.7900
IBM,2011-01-19,348.35,348.6,336.88,40557457.0,338.84,1.4300,0.6500
IBM,2011-01-20,336.43,338.3,330.12,27313899.0,332.68,1.2500,0.2800
IBM,2011-01-21,333.77,334.88,326.63,26942816.0,326.72,2.3100,0.0000
IBM,2011-01-24,326.87,337.45,326.72,20524364.0,337.45,1.0400,0.8000
IBM,2011-01-25,336.33,341.44,334.57,19530950.0,341.4,0.8900,0.6600
IBM,2011-01-26,342.96,345.6,341.5,18102397.0,343.85,1.8700,0.0000
IBM,2011-01-27,343.78,344.69,342.83,10179423.0,343.21,0.0000,1.6700
IBM,2011-01-28,344.17,344.4,333.53,21144878.0,336.1,0.7800,0.0000
IBM,2011-01-31,335.8,340.04,334.3,13473086.0,339.32,1.2000,1.6000
IBM,2011-02-01,341.3,345.65,340.98,15236849.0,345.03,0.0000,2.8000
IBM,2011-02-02,344.45,345.25,343.55,9248401.0,344.32,0.0000,2.7000
IBM,2011-02-03,343.8,344.24,338.55,14064164.0,343.44,0.9500,0.0000
IBM,2011-02-04,343.64,346.7,343.51,11494225.0,346.5,2.0000,0.0000
IBM,2011-02-07,347.89,353.25,347.64,17322130.0,351.88,0.0000,1.7800
IBM,2011-02-08,353.68,355.52,352.15,13608558.0,355.2,2.3000,0.0000
IBM,2011-02-09,355.19,359.0,354.87,17240870.0,358.16,0.0000,2.7500
IBM,2011-02-10,357.39,360.0,348.0,33162480.0,354.54,1.5000,0.0000
IBM,2011-02-11,354.75,357.8,353.54,13127564.0,356.85,1.6700,0.0000
IBM,2011-02-14,356.79,359.48,356.71,11086213.0,359.18,0.4200,1.2800
IBM,2011-02-15,359.19,359.97,357.55,10149063.0,359.9,1.6200,0.9300
IBM,2011-02-17,357.25,360.27,356.52,18949072.0,358.3,1.6900,0.0000
IBM,2011-02-22,342.15,345.4,337.72,31162223.0,338.61,0.1900,1.5600
IBM,2011-02-23,338.77,344.64,338.61,23994706.0,342.62,1.8300,0.0000
IBM,2011-03-02,349.96,354.35,348.4,21521027.0,352.12,0.3000,1.3000
IBM,2011-03-04,360.07,360.29,357.75,16188069.0,360.0,1.3600,0.4600
IBM,2011-03-09,354.69,354.76,350.6,16192719.0,352.47,1.6300,0.2900
IBM,2011-03-10,349.12,349.77,344.9,18138865.0,346.67,1.7000,0.0000
IBM,2011-03-11,345.33,352.32,345.0,16824288.0,351.99,1.7000,0.0000
IBM,2011-03-15,342.1,347.84,340.1,25751762.0,345.43,0.8800,0.7400
IBM,2011-03-16,342.0,343.0,326.26,41312518.0,330.01,0.4800,0.7900
IBM,2011-03-17,336.83,339.61,330.66,23550711.0,334.64,1.2500,0.3800
IBM,2011-03-18,337.13,338.2,330.0,26900372.0,330.67,0.0000,2.5700
IBM,2011-03-21,335.99,339.74,335.26,14621080.0,339.3,0.1300,0.0000
IBM,2011-03-22,342.56,342.62,339.14,11651166.0,341.2,2.0000,0.0000
IBM,2011-03-25,348.07,352.06,347.02,16041828.0,351.54,1.4600,0.0000
IBM,2011-04-01,351.11,351.59,343.3,14952200.0,344.56,0.0000,2.8000
IBM,2011-04-07,338.1,340.43,336.03,13337360.0,338.08,0.8500,0.0000
IBM,2011-04-14,334.8,336.0,332.06,10785343.0,332.42,2.1400,0.0000
IBM,2011-04-15,333.3,333.64,326.8,16208321.0,327.46,2.2200,0.0000
IBM,2011-04-18,326.1,332.23,320.16,21782061.0,331.85,1.2100,0.4800
IBM,2011-04-19,333.1,337.98,331.71,14977749.0,337.86,1.4300,0.7300
IBM,2011-04-20,343.51,345.75,341.5,25023406.0,342.41,0.8600,0.6400
IBM,2011-04-21,355.0,355.13,348.52,26921374.0,350.7,1.4000,0.0000
IBM,2011-04-25,350.34,353.75,350.3,9519470.0,353.01,2.1500,0.0000
IBM,2011-04-26,353.62,354.99,349.35,12057235.0,350.42,1.3800,0.5000
IBM,2011-04-27,352.24,352.35,347.1,12721841.0,350.15,2.0400,0.0000
IBM,2011-04-28,346.19,349.75,345.52,12899589.0,346.75,0.0000,2.3000
IBM,2011-04-29,346.78,353.95,346.67,35940847.0,350.13,1.3400,0.4100
IBM,2011-05-03,347.99,349.89,345.62,11198607.0,348.2,2.7800,0.0000
IBM,2011-05-04,348.26,351.83,346.88,13901747.0,349.57,1.3400,0.1700
IBM,2011-05-05,348.4,350.95,346.05,12009336.0,346.75,0.0000,1.3700
IBM,2011-05-10,348.89,349.69,346.66,10074567.0,349.45,1.2200,0.0000
IBM,2011-05-11,349.02,350.0,345.24,12002669.0,347.23,2.1300,0.0000
IBM,2011-05-12,346.12,347.12,342.27,11462799.0,346.57,2.0000,0.0000
IBM,2011-05-13,345.66,346.25,340.35,11649708.0,340.5,1.4600,0.0000
IBM,2011-05-16,339.2,341.22,332.6,16076482.0,333.3,0.9900,1.4000
IBM,2011-05-17,332.0,336.14,330.73,16170951.0,336.14,0.9300,0.8800
IBM,2011-05-18,336.47,341.05,336.0,11956181.0,339.87,2.3200,0.0000
IBM,2011-05-19,342.08,342.41,338.67,9327330.0,340.53,0.9400,1.0100
IBM,2011-05-24,335.5,335.9,331.34,11502950.0,332.19,1.2100,0.0000
IBM,2011-05-31,341.1,347.83,341.0,14919162.0,347.83,0.6400,1.0600
IBM,2011-06-01,348.87,352.13,344.65,19810086.0,345.51,2.1900,0.0000
IBM,2011-06-02,346.5,347.98,344.3,12103016.0,346.1,0.6200,0.0000
IBM,2011-06-03,343.18,345.33,342.01,11194395.0,343.44,0.0000,0.6500
IBM,2011-06-06,345.96,347.05,337.81,16497811.0,338.04,1.6500,0.0000
IBM,2011-06-07,338.17,338.22,331.9,18927580.0,332.04,2.0400,0.0000
IBM,2011-06-10,330.55,331.66,325.51,15504200.0,325.9,1.3200,0.0200
IBM,2011-06-14,330.0,333.25,329.31,11948843.0,332.44,0.0000,1.9700
IBM,2011-06-15,329.75,330.3,324.88,14264555.0,326.75,2.8000,0.0000
IBM,2011-06-17,328.99,329.25,319.36,21981807.0,320.26,1.6200,0.2300
IBM,2011-06-20,317.36,317.7,310.5,22880182.0,315.32,0.0400,1.6300
IBM,2011-06-21,316.68,325.8,315.2,17620502.0,325.3,2.4400,0.0000
IBM,2011-06-23,318.94,331.69,318.12,19991322.0,331.23,1.1400,0.0000
IBM,2011-06-24,331.37,333.15,325.09,15711616.0,326.35,1.7000,0.0000
IBM,2011-06-27,327.59,333.9,327.25,12141419.0,332.04,1.1100,0.9800
IBM,2011-06-28,333.65,336.7,333.44,10510701.0,335.26,2.3400,0.0000
IBM,2011-06-30,334.7,336.13,332.84,11543913.0,335.67,1.5500,0.3900
IBM,2011-07-01,335.95,343.5,334.2,15546887.0,343.26,1.9400,0.3600
IBM,2011-07-05,343.0,349.83,342.5,12688374.0,349.43,2.1600,0.0800
IBM,2011-07-06,348.95,354.1,346.71,15879463.0,351.76,1.7900,0.2800
IBM,2011-07-07,354.67,358.0,354.0,14273617.0,357.2,1.3900,0.0200
IBM,2011-07-08,353.34,360.0,352.2,17497377.0,359.71,1.9400,0.0000
IBM,2011-07-11,356.34,359.77,352.82,15816282.0,354.0,0.7800,0.2300
IBM,2011-07-12,353.53,357.68,348.62,16128813.0,353.75,1.1100,1.0000
IBM,2011-07-13,358.33,360.0,356.38,13987074.0,358.02,0.0000,1.5000
IBM,2011-07-14,361.01,361.61,356.34,15376165.0,357.77,1.3800,1.4500
IBM,2011-07-15,361.17,365.0,359.17,17302334.0,364.92,0.8300,0.8700
IBM,2011-07-18,365.43,374.65,365.28,20451089.0,373.8,1.5900,0.4300
IBM,2011-07-19,378.0,378.65,373.32,29255192.0,376.85,1.5000,0.4400
IBM,2011-07-20,396.12,396.27,386.0,33618816.0,386.9,1.4700,0.2200
IBM,2011-07-21,386.95,390.06,383.9,18804148.0,387.29,1.1300,0.9600
IBM,2011-07-22,388.32,395.05,387.75,18454555.0,393.3,1.0100,1.0300
IBM,2011-07-25,390.35,400.0,389.62,21064442.0,398.5,1.8200,0.0000
IBM,2011-07-26,400.0,404.5,399.68,17020718.0,403.41,0.7700,0.0000
IBM,2011-07-27,400.59,402.64,392.15,23547210.0,392.59,1.0700,0.6500
IBM,2011-07-28,391.62,396.99,388.13,21215156.0,391.82,2.2500,0.0000
IBM,2011-07-29,387.64,395.15,384.0,22592270.0,390.48,2.1000,0.4300
IBM,2011-08-02,397.65,392.88,382.24,35852684.0,388.21,1.6300,0.0000
IBM,2011-08-03,388.22,393.55,382.24,26160828.0,392.57,1.6600,0.4700
IBM,2011-08-04,389.41,391.32,377.35,31121632.0,377.37,1.5200,0.1800
IBM,2011-08-05,380.44,383.5,362.57,43020050.0,373.62,2.1300,0.0000
IBM,2011-08-08,361.69,367.77,353.02,40850172.0,353.21,1.0700,0.4400
IBM,2011-08-09,361.3,374.61,355.0,38663672.0,374.01,1.2200,0.2600
IBM,2011-08-10,371.15,374.65,362.5,31380328.0,363.69,1.2000,0.9500
IBM,2011-08-11,370.52,375.45,364.72,26498730.0,373.7,1.0200,0.0700
IBM,2011-08-12,378.02,379.64,374.23,18891915.0,376.99,0.6100,0.5300
IBM,2011-08-15,379.63,384.97,378.09,16447924.0,383.41,0.5600,1.6100
IBM,2011-08-16,381.52,383.37,376.06,17817446.0,380.48,0.7200,0.6400
IBM,2011-08-17,382.31,384.52,378.0,15787849.0,380.44,2.5600,0.0000
IBM,2011-08-18,370.84,372.65,361.37,30408327.0,366.05,0.9400,0.7400
IBM,2011-08-19,362.17,367.0,356.0,27710078.0,356.03,1.1700,0.2000
IBM,2011-08-22,364.51,364.88,355.09,19118030.0,356.44,0.0000,2.3200
IBM,2011-08-24,373.47,378.96,370.6,22366701.0,376.18,2.5000,0.0000
IBM,2011-08-25,365.08,375.45,365.0,31117868.0,373.72,1.3800,0.0000
IBM,2011-08-26,371.17,383.8,370.8,22909823.0,383.58,2.1000,0.0000
IBM,2011-08-29,388.18,391.5,388.0,14473307.0,389.97,0.9700,0.8300
IBM,2011-08-30,388.25,391.84,386.21,14925752.0,389.99,1.6500,0.0000
IBM,2011-08-31,390.57,392.08,381.86,18669842.0,384.83,0.0000,0.5100
IBM,2011-09-01,385.82,387.34,380.72,12275815.0,381.03,0.9500,0.0000
IBM,2011-09-06,367.37,380.33,366.48,18203447.0,379.74,1.3800,0.4400
IBM,2011-09-07,385.56,385.6,382.0,12520542.0,383.93,0.0000,0.2600
IBM,2011-09-08,382.4,388.61,382.31,14862780.0,384.14,2.4200,0.0000
IBM,2011-09-12,373.0,380.88,371.9,16708284.0,379.94,1.1200,0.0000
IBM,2011-09-13,382.14,386.21,380.25,15740641.0,384.62,1.1400,1.5000
IBM,2011-09-14,387.02,392.21,385.76,19097264.0,389.3,1.2600,0.0900
IBM,2011-09-15,391.43,393.66,389.9,14922083.0,392.96,2.0000,0.0000
IBM,2011-09-16,395.54,400.5,395.03,24946023.0,400.5,2.4500,0.0000
IBM,2011-09-19,397.0,413.23,395.2,29423540.0,411.63,1.2700,0.1800
IBM,2011-09-20,415.25,422.86,411.19,27705327.0,413.45,1.1500,0.4700
IBM,2011-09-21,419.64,421.59,412.0,21641965.0,412.14,1.0300,0.5700
IBM,2011-09-22,401.03,409.82,396.7,34588591.0,401.82,0.9900,0.9800
IBM,2011-09-23,400.28,406.74,399.85,19517230.0,404.3,1.4600,0.3800
IBM,2011-09-26,399.86,403.98,391.3,29031266.0,403.17,1.1400,0.7500
IBM,2011-09-27,408.73,409.25,398.06,22589196.0,399.26,0.9900,0.7100
IBM,2011-09-28,400.19,403.74,396.51,15351883.0,397.01,1.5100,0.4800
IBM,2011-09-29,401.92,402.21,386.21,23263021.0,390.57,0.6800,0.9800
IBM,2011-09-30,387.12,388.89,381.18,19579889.0,381.32,1.3000,0.5900
IBM,2011-10-03,380.37,382.64,373.17,23895573.0,374.6,1.6700,0.0000
IBM,2011-10-04,374.57,381.8,354.24,44059841.0,372.5,1.1300,0.4700
IBM,2011-10-05,367.86,379.82,360.3,28088194.0,378.25,1.7700,0.0000
IBM,2011-10-06,373.33,384.78,371.8,29020722.0,377.37,1.1800,0.6100
IBM,2011-10-07,375.78,377.74,368.49,19129166.0,369.8,1.2900,0.3900
IBM,2011-10-10,379.09,388.81,378.21,15804041.0,388.81,2.2000,0.4700
IBM,2011-10-11,392.57,403.18,391.5,21631495.0,400.29,1.2800,0.8200
IBM,2011-10-12,407.34,409.25,400.14,22224426.0,402.19,0.6900,1.0400
IBM,2011-10-13,404.98,408.43,402.85,15220825.0,408.43,0.7300,1.2100
IBM,2011-10-14,416.83,422.0,415.27,20477390.0,422.0,1.8300,0.0200
IBM,2011-10-17,421.74,426.7,415.94,24501528.0,419.99,1.1300,0.6900
IBM,2011-10-18,421.76,424.81,415.99,31485728.0,422.24,1.1300,0.4700
IBM,2011-10-19,401.35,408.42,397.8,39428299.0,398.62,1.9400,0.0000
IBM,2011-10-20,400.0,400.35,394.21,19626042.0,395.31,0.4800,2.0200
IBM,2011-10-21,398.1,399.14,390.75,22187216.0,392.87,0.9600,0.2000
IBM,2011-10-24,396.18,406.5,395.4,17941292.0,405.77,1.4100,1.1700
IBM,2011-10-25,405.03,406.55,397.38,15378600.0,397.77,0.9100,0.2000
IBM,2011-10-26,401.76,402.55,393.15,16296426.0,400.6,0.0000,2.5600
IBM,2011-10-27,407.56,409.0,401.89,17673331.0,404.69,2.0200,0.0000
IBM,2011-10-28,403.0,406.35,402.51,11529964.0,404.95,0.8700,1.0000
IBM,2011-10-31,402.42,409.33,401.05,13772329.0,404.78,0.0000,1.9300
IBM,2011-11-01,397.41,399.5,393.22,18992411.0,396.51,0.8500,1.0900
IBM,2011-11-02,400.09,400.44,395.11,11723381.0,397.41,0.0000,2.3000
IBM,2011-11-03,399.07,403.4,395.36,15768725.0,403.07,1.2500,1.2400
IBM,2011-11-04,402.03,403.44,399.16,10793856.0,400.24,1.0200,0.5700
IBM,2011-11-07,399.91,400.0,396.13,9652257.0,399.73,1.3600,0.1000
IBM,2011-11-08,402.21,408.0,401.56,14301406.0,406.23,0.7800,0.9600
IBM,2011-11-09,396.97,400.89,394.23,19952990.0,395.28,0.9400,0.7100
IBM,2011-11-10,397.03,397.21,382.15,26606467.0,385.22,0.0000,1.0000
IBM,2011-11-11,386.61,388.7,380.26,23349431.0,384.62,0.3000,1.9500
IBM,2011-11-14,383.52,385.25,378.2,15466501.0,379.26,1.4200,0.4600
IBM,2011-11-15,380.8,389.5,379.45,15392116.0,388.83,1.2300,0.1900
IBM,2011-11-16,389.25,391.14,384.32,12471716.0,384.77,0.9200,0.8200
IBM,2011-11-17,383.98,384.58,375.5,17147164.0,377.41,0.4900,1.3500
IBM,2011-11-21,370.4,371.68,365.91,16007227.0,369.01,0.5500,1.0600
IBM,2011-11-22,371.02,377.93,370.94,14617763.0,376.51,0.0000,2.2100
IBM,2011-11-23,374.51,375.84,366.88,15308635.0,366.99,0.7300,1.1100
IBM,2011-11-28,372.35,376.72,370.33,12380122.0,376.12,0.0000,2.7500
IBM,2011-11-29,375.84,378.83,370.2,13429694.0,373.2,1.0500,0.4000
IBM,2011-11-30,381.29,382.28,378.3,14502386.0,382.2,1.5100,0.4200
IBM,2011-12-01,382.54,389.0,380.75,13827834.0,387.93,1.7600,0.0700
IBM,2011-12-02,389.83,393.63,388.58,13545470.0,389.7,2.3500,0.0000
IBM,2011-12-05,393.49,396.41,390.39,12763161.0,393.01,1.4700,0.5300
IBM,2011-12-06,392.51,394.63,389.38,10135859.0,390.95,1.8700,0.0000
IBM,2011-12-07,389.93,390.94,386.76,10892847.0,389.09,1.8700,0.2800
IBM,2011-12-08,391.45,395.5,390.23,13441293.0,390.66,1.7700,0.4900
IBM,2011-12-09,392.85,394.04,391.03,10612255.0,393.62,1.5100,0.6300
IBM,2011-12-12,391.68,393.9,389.45,10752338.0,391.84,0.0000,2.8900
IBM,2011-12-13,393.0,395.4,387.1,12112029.0,388.81,0.4400,1.6100
IBM,2011-12-14,386.7,387.38,377.68,14541240.0,380.19,1.3300,0.0000
IBM,2011-12-15,383.33,383.74,378.31,9158875.0,378.94,0.9100,0.0000
IBM,2011-12-16,380.36,384.15,379.57,15056343.0,381.02,0.8900,1.1200
IBM,2011-12-19,382.47,384.85,380.48,8411702.0,382.21,0.4500,0.3000
IBM,2011-12-20,387.76,396.1,387.26,12050104.0,395.95,1.0500,0.5500
IBM,2011-12-21,396.69,397.3,392.01,9390954.0,396.44,0.9900,0.6100
IBM,2011-12-22,397.0,399.13,396.1,7227016.0,398.55,1.2000,0.2200
IBM,2011-12-23,399.69,403.59,399.5,9628852.0,403.33,1.2200,0.7700
IBM,2011-12-27,403.1,409.09,403.02,9472659.0,406.53,1.4800,0.0000
IBM,2011-12-28,406.89,408.25,401.34,8173461.0,402.64,2.2800,0.0000
IBM,2011-12-29,403.4,405.65,400.51,7719863.0,405.12,0.9200,0.0000
IBM,2011-12-30,403.51,406.28,403.49,6420530.0,405.0,0.0000,2.4400
IBM,2012-01-03,409.4,412.5,409.0,10794957.0,411.23,2.2200,0.0000
IBM,2012-01-04,410.0,414.68,409.28,9294444.0,413.44,0.5800,0.7900
IBM,2012-01-05,414.95,418.55,412.67,9688115.0,418.03,1.1300,0.9300
IBM,2012-01-06,419.77,422.75,419.22,11370916.0,422.4,0.5600,0.0500
IBM,2012-01-09,425.5,427.75,421.35,14072256.0,421.73,1.3300,0.1700
IBM,2012-01-10,425.91,426.0,421.5,9225966.0,423.24,1.6100,0.6300
IBM,2012-01-11,422.68,422.85,419.31,7685437.0,422.55,2.0200,0.0000
IBM,2012-01-12,422.28,422.9,418.75,7597273.0,421.39,0.1100,1.0700
IBM,2012-01-13,419.7,420.45,418.66,8077107.0,419.81,1.2000,0.8000
IBM,2012-01-17,424.2,425.99,422.96,8674865.0,424.7,0.0000,1.1400
IBM,2012-01-18,426.96,429.47,426.3,9885394.0,429.11,1.8800,0.0000
IBM,2012-01-19,430.15,431.37,426.51,9347779.0,427.75,1.4300,0.6800
IBM,2012-01-20,427.49,427.5,419.75,14784607.0,420.3,1.4000,0.2600
IBM,2012-01-23,422.67,428.45,422.3,10930778.0,427.41,1.6400,0.0000
IBM,2012-01-24,425.1,425.1,419.55,19558473.0,420.41,1.4100,0.5200
IBM,2012-01-25,454.44,454.45,443.73,34223691.0,446.66,0.3700,0.8000
IBM,2012-01-26,448.36,448.79,443.14,11579673.0,444.63,1.3700,0.0000
IBM,2012-01-27,444.34,448.48,443.77,10710233.0,447.28,1.2900,0.7200
IBM,2012-01-30,445.71,453.9,445.39,13547439.0,453.01,1.6400,0.0000
IBM,2012-01-31,455.59,458.24,453.07,13996855.0,456.48,1.3100,0.3500
IBM,2012-02-01,458.41,458.99,455.55,9644366.0,456.19,1.6600,0.3200
IBM,2012-02-02,455.9,457.17,453.98,6671221.0,455.12,0.0000,0.9300
IBM,2012-02-03,457.3,460.0,455.56,10245287.0,459.68,0.5800,0.8600
IBM,2012-02-06,458.38,464.98,458.2,8917228.0,463.97,0.4000,1.4100
IBM,2012-02-07,465.25,469.75,464.58,11293609.0,468.83,1.0400,1.2400
IBM,2012-02-08,470.5,476.79,469.7,14567040.0,476.68,1.4200,0.3400
IBM,2012-02-09,480.76,496.75,480.56,31579086.0,493.17,1.6300,0.3300
IBM,2012-02-10,490.96,497.62,488.55,22546425.0,493.42,1.5200,0.0700
IBM,2012-02-13,499.53,503.83,497.09,18471658.0,502.6,0.7100,0.8400
IBM,2012-02-14,504.66,509.56,502.0,16497573.0,509.46,1.4100,0.6300
IBM,2012-02-15,514.26,526.29,496.89,53789720.0,497.67,1.9600,0.0000
IBM,2012-02-16,491.5,504.89,486.63,33733915.0,502.21,1.0700,0.7900
IBM,2012-02-17,503.11,507.77,500.3,19135313.0,502.12,1.3200,0.3200
IBM,2012-02-21,506.88,514.85,504.12,21628057.0,514.85,1.3400,0.6900
IBM,2012-02-22,513.08,515.49,509.07,17260544.0,513.04,1.7300,0.3200
IBM,2012-02-23,515.08,517.83,509.5,20286616.0,516.39,1.5900,0.5100
IBM,2012-02-24,519.67,522.9,518.64,14831415.0,522.41,1.0600,0.2400
IBM,2012-02-27,521.31,528.5,516.28,19556472.0,525.76,1.1000,0.3500
IBM,2012-02-28,527.96,535.41,525.85,21442354.0,535.41,1.0800,0.2300
IBM,2012-02-29,541.56,547.61,535.7,34000054.0,542.44,1.4500,0.3500
IBM,2012-03-01,548.17,548.21,538.77,24401884.0,544.47,1.4400,0.3200
IBM,2012-03-02,544.24,546.8,542.52,15418227.0,545.18,2.0800,0.0000
IBM,2012-03-05,545.42,547.48,526.0,28897169.0,533.16,1.4900,0.5600
IBM,2012-03-06,523.66,533.69,516.22,28937093.0,530.26,0.8800,0.5900
IBM,2012-03-07,536.8,537.78,523.3,28518507.0,530.69,1.2900,0.0000
IBM,2012-03-08,534.69,542.99,532.12,18444389.0,541.99,1.4600,0.3300
IBM,2012-03-09,544.21,547.74,543.11,14960676.0,545.17,2.1900,0.0000
IBM,2012-03-12,548.98,552.0,547.0,14545717.0,552.0,1.5700,0.0600
IBM,2012-03-13,557.54,568.18,555.75,24673237.0,568.1,1.4200,0.0000
IBM,2012-03-14,578.05,594.72,575.4,50672821.0,589.58,0.9200,0.7400
IBM,2012-03-15,599.61,600.01,578.55,41416824.0,585.56,1.4000,0.5300
IBM,2012-03-16,584.72,589.2,578.0,29481697.0,585.57,1.1300,0.5000
IBM,2012-03-19,598.37,601.77,589.05,32186970.0,601.1,1.6300,0.0000
IBM,2012-03-20,599.51,606.9,582.0,29166719.0,605.96,0.4500,0.2200
IBM,2012-03-21,602.74,609.65,601.41,23001482.0,602.5,0.8100,0.2700
IBM,2012-03-22,597.78,604.5,595.53,22290414.0,599.34,0.9900,0.8600
IBM,2012-03-23,600.49,601.8,594.4,15374545.0,596.05,1.5700,0.4300
IBM,2012-03-26,599.79,607.15,595.26,21276317.0,606.98,1.1400,0.0000
IBM,2012-03-28,618.38,621.45,610.31,23409267.0,617.62,2.3400,0.0000
IBM,2012-03-29,612.78,616.56,607.23,21722776.0,609.86,1.2700,0.4400
IBM,2012-03-30,608.77,610.56,597.94,26108485.0,599.55,2.4400,0.0000
IBM,2012-04-02,601.83,618.77,600.38,21369494.0,618.63,2.6300,0.0000
IBM,2012-04-03,627.3,632.21,622.51,29805480.0,629.32,2.3500,0.0000
IBM,2012-04-04,624.35,625.86,617.0,20463585.0,624.31,1.0800,0.8600
IBM,2012-04-05,626.98,634.66,623.4,22902694.0,633.68,0.5000,0.5100
IBM,2012-04-09,626.13,639.84,625.3,21340578.0,636.23,1.2600,0.3400
IBM,2012-04-10,639.93,644.0,626.0,31774636.0,628.44,0.5700,1.1900
IBM,2012-04-12,625.0,631.33,620.5,21940309.0,622.77,2.3300,0.0000
IBM,2012-04-13,624.11,624.7,603.51,30701581.0,605.23,0.4300,0.1100
IBM,2012-04-16,610.06,610.28,578.25,37528008.0,580.13,0.8700,0.3600
IBM,2012-04-17,578.94,610.0,571.91,36624496.0,609.7,0.9000,0.8700
IBM,2012-04-18,613.72,620.25,602.71,34090353.0,608.34,1.1300,0.9600
IBM,2012-04-19,600.22,604.73,584.52,29811195.0,587.44,0.8200,0.3500
IBM,2012-04-20,591.38,594.62,570.42,36820544.0,572.98,0.2800,0.9900
IBM,2012-04-23,570.61,576.67,556.62,34518497.0,571.7,0.0200,0.4000
IBM,2012-04-24,562.61,567.69,555.0,38442834.0,560.28,0.8200,1.1200
IBM,2012-04-25,615.64,618.0,606.0,32346810.0,610.0,1.2900,0.4300
IBM,2012-04-26,614.27,614.69,602.13,19145182.0,607.7,0.8500,1.2100
IBM,2012-04-27,605.07,606.18,600.5,14527500.0,603.0,1.2300,0.2500
IBM,2012-04-30,597.8,598.4,583.0,18076434.0,583.98,1.6200,0.0000
IBM,2012-05-01,584.9,596.76,581.23,21821359.0,582.13,0.9100,0.5800
IBM,2012-05-02,580.24,587.4,578.86,15272288.0,585.98,1.3500,0.7200
IBM,2012-05-03,590.5,591.4,580.3,13948151.0,581.82,0.0000,2.3000
IBM,2012-05-04,577.08,578.36,565.17,18928203.0,565.25,0.0000,1.5200
IBM,2012-05-07,561.5,572.77,561.23,16439031.0,569.48,0.5500,1.4800
IBM,2012-05-08,569.58,571.5,558.73,17758960.0,568.18,0.8600,0.6200
IBM,2012-05-09,563.7,573.98,560.85,17167989.0,569.18,0.7300,0.9900
IBM,2012-05-10,574.58,575.88,568.44,11902536.0,570.52,1.5300,0.1800
IBM,2012-05-11,565.0,574.47,564.35,14269476.0,566.71,0.2000,0.0800
IBM,2012-05-14,562.57,567.51,557.6,12593729.0,558.22,0.2800,1.1700
IBM,2012-05-15,561.45,563.22,551.75,17010954.0,553.17,0.7600,0.6300
IBM,2012-05-16,554.05,556.89,541.04,20031982.0,546.08,1.1900,0.4900
IBM,2012-05-17,545.31,547.5,530.12,25614959.0,530.12,0.0700,1.4800
IBM,2012-05-18,533.96,543.41,522.18,26153209.0,530.38,0.5300,1.4500
IBM,2012-05-21,534.5,561.54,534.05,22538970.0,561.28,0.3300,1.6800
IBM,2012-05-22,569.55,573.88,552.58,24813822.0,556.97,0.9200,0.5800
IBM,2012-05-23,557.5,572.8,553.23,20889195.0,570.56,0.4500,1.1900
IBM,2012-05-24,575.87,576.5,561.23,17721358.0,565.32,1.2500,0.5200
IBM,2012-05-25,564.59,565.85,558.47,11730936.0,562.29,0.5300,1.3500
IBM,2012-05-29,570.9,574.0,565.31,13589478.0,572.27,0.0400,1.3900
IBM,2012-05-30,569.2,579.99,566.56,18907887.0,579.17,0.7700,0.5600
IBM,2012-05-31,580.74,581.5,571.46,17568229.0,577.73,1.3300,0.5400
IBM,2012-06-01,569.16,572.65,560.52,18606442.0,560.99,0.2400,1.2900
IBM,2012-06-04,561.5,567.5,548.5,19892447.0,564.29,2.0200,0.0000
IBM,2012-06-05,561.27,566.47,558.33,13864768.0,562.83,0.9500,1.3500
IBM,2012-06-06,567.77,573.85,565.5,14337466.0,571.46,0.6700,0.1900
IBM,2012-06-07,577.29,577.32,570.5,13570452.0,571.72,0.0100,1.1700
IBM,2012-06-08,571.6,580.58,569.0,12410410.0,580.32,0.8200,1.4700
IBM,2012-06-11,587.72,588.5,570.63,21116528.0,571.17,0.3000,1.9000
IBM,2012-06-12,574.46,576.62,566.7,15556423.0,576.16,2.8400,0.0000
IBM,2012-06-13,574.52,578.48,570.38,10491890.0,572.16,0.3400,0.8600
IBM,2012-06-14,571.24,573.5,567.26,12351469.0,571.53,1.1600,0.4300
IBM,2012-06-15,571.0,574.62,569.55,11973340.0,574.13,1.5700,0.0400
IBM,2012-06-18,570.96,587.89,570.37,15728970.0,585.78,1.6100,0.0500
IBM,2012-06-19,583.4,590.0,583.1,12907276.0,587.41,2.0900,0.0000
IBM,2012-06-20,588.21,589.25,580.8,12827092.0,585.74,0.3100,1.4400
IBM,2012-06-21,585.44,588.22,577.44,11660894.0,577.67,0.9200,0.5700
IBM,2012-06-22,579.04,582.19,575.42,10169473.0,582.1,0.8500,0.0000
IBM,2012-06-25,577.3,579.8,570.37,10869808.0,570.76,0.8000,1.4000
IBM,2012-06-26,571.33,574.49,567.33,9883929.0,572.02,0.8800,0.7500
IBM,2012-06-27,575.0,576.74,571.92,7252110.0,574.5,1.5200,0.4600
IBM,2012-06-28,571.67,574.0,565.61,10108649.0,569.05,1.0500,0.8500
IBM,2012-06-29,578.0,584.0,574.25,15051433.0,584.0,2.2300,0.0000
IBM,2012-07-02,584.73,593.47,583.6,14288968.0,592.52,0.7400,0.0000
IBM,2012-07-03,594.88,600.0,594.0,8632595.0,599.41,0.7200,0.6700
IBM,2012-07-05,600.56,614.34,599.65,17299303.0,609.94,0.3200,0.0800
IBM,2012-07-06,607.09,608.44,601.58,14965308.0,605.88,0.9400,0.5200
IBM,2012-07-09,605.3,613.9,604.11,13550032.0,613.89,0.8600,1.0200
IBM,2012-07-10,617.97,619.87,605.31,18284201.0,608.21,0.5900,0.8000
IBM,2012-07-11,606.12,607.66,597.22,16761338.0,604.43,1.0200,0.8300
IBM,2012-07-12,600.24,603.47,592.68,15285309.0,598.9,1.2900,0.6200
IBM,2012-07-13,602.95,607.19,600.0,11129207.0,604.97,1.0200,0.3900
IBM,2012-07-16,605.12,611.62,605.02,10760906.0,606.91,0.7200,0.9000
IBM,2012-07-17,610.79,611.5,603.15,10493291.0,606.94,0.7700,1.4200
IBM,2012-07-18,606.59,608.34,603.56,9024984.0,606.26,1.4700,0.4400
IBM,2012-07-19,611.28,615.35,606.0,15602081.0,614.32,1.1300,0.4900
IBM,2012-07-20,613.03,614.44,603.7,14195350.0,604.3,1.7300,0.4500
IBM,2012-07-23,594.4,605.9,587.71,17427685.0,603.83,1.3300,0.5700
IBM,2012-07-24,607.38,609.68,598.51,20183292.0,600.92,0.5300,0.4300
IBM,2012-07-25,574.46,580.8,570.0,31330624.0,574.97,0.4800,1.1900
IBM,2012-07-26,579.76,580.4,570.36,14528940.0,574.88,0.9400,0.8100
IBM,2012-07-27,575.01,585.83,571.59,14430463.0,585.16,0.5000,0.6400
IBM,2012-07-30,590.92,599.44,587.82,13540710.0,595.03,1.4100,0.5000
IBM,2012-07-31,603.23,611.7,602.72,16511668.0,610.76,0.0000,0.8400
IBM,2012-08-01,615.9,616.4,603.0,13732106.0,606.81,1.3600,0.0000
IBM,2012-08-02,602.84,610.69,600.25,11866029.0,607.79,0.0900,1.2300
IBM,2012-08-03,613.63,617.98,611.56,12318372.0,615.7,0.8400,0.8800
IBM,2012-08-06,617.29,624.87,615.26,10797144.0,622.55,1.8400,0.2700
IBM,2012-08-07,622.77,625.0,618.04,10375356.0,620.91,2.0800,0.0000
IBM,2012-08-08,619.39,623.88,617.1,8739440.0,619.86,0.0000,2.2000
IBM,2012-08-09,617.85,621.73,617.8,7921798.0,620.73,1.3700,0.9200
IBM,2012-08-10,618.71,621.76,618.7,6966435.0,621.7,1.3500,0.4400
IBM,2012-08-13,623.39,630.0,623.25,9958209.0,630.0,1.4400,1.0000
IBM,2012-08-14,631.87,638.61,630.21,12148832.0,631.69,1.9000,0.0000
IBM,2012-08-15,631.3,634.0,627.75,9196754.0,630.83,0.9500,1.2700
IBM,2012-08-16,631.21,636.76,630.5,9099172.0,636.34,1.8000,0.2300
IBM,2012-08-17,640.0,648.19,638.81,15812842.0,648.11,1.3800,0.2600
IBM,2012-08-20,650.01,665.15,649.9,21906527.0,665.15,0.8200,0.0000
IBM,2012-08-21,670.82,674.88,650.33,29025180.0,656.06,0.7800,0.4800
IBM,2012-08-22,654.42,669.0,648.11,20190091.0,668.87,0.7100,0.9500
IBM,2012-08-23,666.11,669.9,661.15,15004224.0,662.63,0.7100,0.9300
IBM,2012-08-24,659.51,669.48,655.55,15619159.0,663.22,0.9500,1.1700
IBM,2012-08-27,679.99,680.87,673.54,15246943.0,675.68,1.5700,0.3300
IBM,2012-08-28,674.98,676.1,670.67,9549189.0,674.8,1.3400,0.1200
IBM,2012-08-29,675.25,677.67,672.6,7243012.0,673.47,1.5900,0.0000
IBM,2012-08-30,670.64,671.55,662.85,10810399.0,663.87,1.0900,0.5000
IBM,2012-08-31,667.25,668.6,657.25,12082801.0,665.24,0.3300,0.3300
IBM,2012-09-04,665.76,675.14,664.5,13138947.0,674.97,0.7800,0.3100
IBM,2012-09-05,675.57,676.35,669.6,12012925.0,670.23,1.1000,0.0000
IBM,2012-09-06,673.17,678.29,670.8,13977952.0,676.27,1.1500,0.2000
IBM,2012-09-07,678.05,682.48,675.77,11773735.0,680.44,1.0200,0.3000
IBM,2012-09-10,680.45,683.29,662.1,17428414.0,662.74,1.1800,0.2500
IBM,2012-09-11,665.11,670.1,656.5,17997836.0,660.59,1.3000,0.4000
IBM,2012-09-12,666.85,669.9,656.0,25436356.0,669.79,1.9500,0.1900
IBM,2012-09-13,677.37,685.5,674.77,21369947.0,682.98,1.0000,0.2400
IBM,2012-09-14,689.96,696.98,687.89,21445473.0,691.28,0.8900,0.9700
IBM,2012-09-17,699.35,699.8,694.61,14215357.0,699.78,1.5800,0.5900
IBM,2012-09-18,699.88,702.33,696.42,13339381.0,701.91,1.2300,1.0700
IBM,2012-09-19,700.26,703.99,699.57,11673572.0,702.1,1.1400,0.3100
IBM,2012-09-20,699.16,700.06,693.62,12020276.0,698.7,0.2200,1.3800
IBM,2012-09-21,702.41,705.07,699.36,20413868.0,700.1,1.8700,0.1100
IBM,2012-09-24,686.86,695.12,683.0,22848028.0,690.79,0.2500,0.0600
IBM,2012-09-25,688.26,692.78,673.0,18527207.0,673.54,1.3200,0.5000
IBM,2012-09-26,668.74,672.69,661.2,20596558.0,665.18,0.4700,1.2400
IBM,2012-09-27,664.29,682.17,660.35,21217433.0,681.32,0.7200,1.0000
IBM,2012-09-28,678.75,681.11,666.75,19111011.0,667.1,1.4900,0.4800
IBM,2012-10-01,671.16,676.75,656.5,19413703.0,659.39,2.0500,0.0000
IBM,2012-10-02,661.81,666.35,650.65,22428234.0,661.31,0.0500,0.9400
IBM,2012-10-03,664.86,671.86,662.63,15152817.0,671.45,0.6700,0.6000
IBM,2012-10-04,671.25,674.25,665.55,13241259.0,666.8,1.0200,0.7500
IBM,2012-10-05,665.2,666.0,651.28,21214444.0,652.59,1.6500,0.1500
IBM,2012-10-08,646.88,647.56,636.11,22784981.0,638.17,1.3000,0.2600
IBM,2012-10-09,638.65,640.49,623.55,29949841.0,635.85,1.2200,0.3900
IBM,2012-10-10,639.74,644.98,637.0,18226990.0,640.91,0.5000,0.9600
IBM,2012-10-11,646.5,647.2,628.1,19502871.0,628.1,0.6400,0.0000
IBM,2012-10-12,629.56,635.38,625.3,16429095.0,629.71,0.8300,0.0400
IBM,2012-10-15,632.35,635.13,623.85,15446423.0,634.76,0.8500,1.2300
IBM,2012-10-16,635.37,650.3,631.0,19634688.0,649.79,1.0600,1.1000
IBM,2012-10-17,648.87,652.79,644.0,13903949.0,644.61,1.0100,0.8200
IBM,2012-10-18,639.59,642.06,630.0,17022216.0,632.64,0.6500,1.0200
IBM,2012-10-19,631.05,631.77,609.62,26574431.0,609.84,0.7900,0.6100
IBM,2012-10-22,612.42,635.38,610.76,19526056.0,634.03,0.7100,0.6400
IBM,2012-10-23,631.0,633.9,611.7,25255171.0,613.36,1.0700,0.6600
IBM,2012-10-24,621.44,626.55,610.64,19947396.0,616.83,0.5700,0.8800
IBM,2012-10-25,620.0,622.0,605.55,23440199.0,609.54,1.0700,0.2100
IBM,2012-10-26,609.43,614.0,591.0,36372262.0,604.0,1.5200,0.3500
IBM,2012-10-31,594.88,601.96,587.7,18214353.0,595.32,1.2300,0.2500
IBM,2012-11-01,598.22,603.0,594.17,12908846.0,596.54,1.1900,0.6800
IBM,2012-11-02,595.89,596.95,574.75,21406152.0,576.8,0.2400,1.3400
IBM,2012-11-05,583.52,587.77,577.6,18903032.0,584.62,1.1700,0.7500
IBM,2012-11-07,573.84,574.54,555.75,28344598.0,558.0,1.2500,0.8300
IBM,2012-11-08,560.63,562.23,535.29,37719477.0,537.75,0.5400,1.2000
IBM,2012-11-09,540.42,554.88,533.72,33210928.0,547.06,1.3400,0.4700
IBM,2012-11-12,554.15,554.5,538.65,18421497.0,542.83,1.0300,0.7400
IBM,2012-11-13,538.91,550.48,536.36,19043230.0,542.9,1.3200,0.4500
IBM,2012-11-14,545.5,547.45,536.18,17041711.0,536.88,0.4500,0.9600
IBM,2012-11-15,537.53,539.5,522.62,28211055.0,525.62,0.9200,0.8300
IBM,2012-11-16,525.2,530.0,505.75,45246109.0,527.68,0.9500,0.8500
IBM,2012-11-19,540.71,567.5,539.88,29398995.0,565.73,0.7800,0.8100
IBM,2012-11-20,571.91,571.95,554.58,22955408.0,560.91,0.9300,0.4500
IBM,2012-11-21,564.25,567.37,556.6,13329537.0,561.7,1.4700,0.3100
IBM,2012-11-23,567.17,572.0,562.6,9743797.0,571.5,0.5000,0.0000
IBM,2012-11-26,575.9,590.0,573.71,22520633.0,589.53,1.1000,1.0900
IBM,2012-11-27,589.55,590.42,580.1,19046922.0,584.78,0.4100,1.2900
IBM,2012-11-28,577.27,585.8,572.26,18609283.0,582.94,1.9400,0.0000
IBM,2012-11-29,590.22,594.25,585.25,18382075.0,589.36,0.5600,0.6500
IBM,2012-11-30,586.79,588.4,582.68,13974998.0,585.28,0.5300,1.9500
IBM,2012-12-03,593.65,594.59,585.5,13009871.0,586.19,0.4100,1.2300
IBM,2012-12-04,581.8,581.8,572.13,19926056.0,575.85,0.9700,1.4000
IBM,2012-12-05,568.91,569.25,538.77,37308479.0,538.79,0.4500,0.8100
IBM,2012-12-06,528.94,553.31,518.63,42043113.0,547.24,1.4300,0.4400
IBM,2012-12-07,553.4,555.2,530.0,28134542.0,533.25,1.8100,0.1100
IBM,2012-12-10,525.0,538.51,521.58,22517225.0,529.82,1.4900,0.2000
IBM,2012-12-11,539.77,549.56,537.37,21155129.0,541.39,2.3100,0.0000
IBM,2012-12-12,547.77,548.0,536.27,17397590.0,539.0,0.8600,1.4500
IBM,2012-12-13,531.15,537.64,525.8,22330661.0,529.69,0.0000,1.8700
IBM,2012-12-14,514.75,518.13,505.58,36056357.0,509.79,1.7300,0.0000
IBM,2012-12-17,508.93,520.0,501.23,27105146.0,518.83,0.0500,1.2300
IBM,2012-12-18,525.0,534.9,520.25,22345289.0,533.9,2.0200,0.2100
IBM,2012-12-19,531.47,533.7,525.5,16048632.0,526.31,0.8700,0.8000
IBM,2012-12-20,530.0,530.2,518.88,17203114.0,521.73,0.6700,0.6200
IBM,2012-12-21,512.47,519.67,510.24,21304222.0,519.33,1.1400,0.9200
IBM,2012-12-24,520.35,524.25,518.71,6276711.0,520.17,2.0300,0.0000
IBM,2012-12-26,519.0,519.46,511.12,10801290.0,513.0,0.6300,1.4100
IBM,2012-12-27,513.54,516.25,504.66,16254240.0,515.06,1.1300,1.0300
IBM,2012-12-28,510.29,514.48,508.12,12652749.0,509.59,0.0000,1.8600
IBM,2012-12-31,510.53,535.4,509.0,23553255.0,532.17,2.3400,0.0000
IBM,2013-01-02,553.82,555.0,541.63,20017838.0,549.03,1.8900,0.2600
IBM,2013-01-03,547.88,549.67,541.0,12605850.0,542.1,1.8000,0.0000
IBM,2013-01-04,536.96,538.63,525.83,21225980.0,527.0,0.0000,2.2800
IBM,2013-01-07,522.0,529.3,515.2,17291168.0,523.9,2.1500,0.0000
IBM,2013-01-08,529.21,531.89,521.25,16382393.0,525.31,2.4800,0.0000
IBM,2013-01-09,522.5,525.01,515.99,14557137.0,517.1,0.9400,0.9100
IBM,2013-01-10,528.55,528.72,515.52,21469328.0,523.51,0.8900,0.8000
IBM,2013-01-11,521.0,525.32,519.02,12526963.0,520.3,1.4700,0.3700
IBM,2013-01-14,502.68,507.5,498.51,26220628.0,501.75,0.8200,0.8400
IBM,2013-01-15,498.3,498.99,483.38,31313276.0,485.92,1.8600,0.0000
IBM,2013-01-16,494.64,509.44,492.5,24671435.0,506.09,1.1300,1.0900
IBM,2013-01-17,510.31,510.75,502.03,16201797.0,502.68,2.1200,0.0000
IBM,2013-01-18,498.52,502.22,496.4,16898181.0,500.0,1.6000,0.3700
IBM,2013-01-22,504.56,507.88,496.63,16483739.0,504.77,1.5000,0.2200
IBM,2013-01-23,508.81,514.99,504.77,30767979.0,514.0,1.7900,0.3200
IBM,2013-01-24,460.0,465.73,450.25,52173279.0,450.5,1.5300,0.5500
IBM,2013-01-25,451.69,456.23,435.0,43141929.0,439.88,0.5100,1.2700
IBM,2013-01-28,437.82,453.21,435.86,28054133.0,449.83,2.2000,0.0000
IBM,2013-01-29,458.5,460.2,452.12,20395431.0,458.27,1.1500,0.7400
IBM,2013-01-30,457.0,462.6,454.5,14898331.0,456.83,0.6500,1.1300
IBM,2013-01-31,456.98,459.28,454.98,11404745.0,455.49,0.0400,1.8000
IBM,2013-02-01,459.11,459.48,448.35,19266727.0,453.62,0.7800,0.0400
IBM,2013-02-04,453.91,455.94,442.0,17039822.0,442.32,0.0000,1.3000
IBM,2013-02-05,444.05,459.74,442.22,20476648.0,457.84,0.7400,0.9500
IBM,2013-02-06,456.47,466.5,452.58,21203716.0,457.35,0.4800,1.5300
IBM,2013-02-07,463.25,470.0,454.12,25163582.0,468.22,0.1900,1.1400
IBM,2013-02-08,474.0,478.81,468.25,22612712.0,474.98,1.1700,0.6500
IBM,2013-02-11,476.5,484.94,473.25,18479788.0,479.93,0.9700,1.2500
IBM,2013-02-12,479.51,482.38,467.74,21751816.0,467.9,0.4900,1.4000
IBM,2013-02-13,467.21,473.64,463.22,16971603.0,467.01,0.0000,1.9400
IBM,2013-02-14,464.52,471.64,464.02,12696643.0,466.59,1.1300,1.0000
IBM,2013-02-15,468.85,470.16,459.92,13997311.0,460.16,0.9200,0.8700
IBM,2013-02-19,461.1,462.73,453.85,15563459.0,459.99,1.3600,0.5700
IBM,2013-02-20,457.69,457.69,448.8,17010698.0,448.85,0.4000,0.9900
IBM,2013-02-21,446.0,449.17,442.82,15970740.0,446.06,0.4600,1.1600
IBM,2013-02-22,449.25,451.6,446.6,11809092.0,450.81,0.0000,2.1800
IBM,2013-02-25,453.85,455.12,442.57,13306352.0,442.8,1.3900,0.3300
IBM,2013-02-26,443.82,451.54,437.66,17910582.0,448.97,1.1900,0.3800
IBM,2013-02-27,448.43,452.44,440.65,20976704.0,444.57,1.8800,0.5400
IBM,2013-02-28,444.05,447.87,441.4,11518391.0,441.4,1.4700,0.2400
IBM,2013-03-01,438.0,438.18,429.98,19730256.0,430.47,0.3500,1.6100
IBM,2013-03-04,427.8,428.2,419.0,20812057.0,420.05,1.3700,0.3000
IBM,2013-03-05,421.48,435.19,420.75,22801006.0,431.14,1.3100,0.4400
IBM,2013-03-06,434.51,435.25,424.43,16437467.0,425.66,1.5600,0.6400
IBM,2013-03-07,424.5,432.01,421.06,16731118.0,430.58,0.8400,1.1700
IBM,2013-03-08,429.8,435.43,428.61,13985569.0,431.72,0.9500,1.1200
IBM,2013-03-11,429.75,439.01,425.14,16936908.0,437.87,1.7700,0.0000
IBM,2013-03-12,435.6,438.88,427.57,16639639.0,428.43,1.6000,0.4200
IBM,2013-03-13,428.45,434.5,425.36,14493456.0,428.35,1.8100,0.2300
IBM,2013-03-14,432.83,434.64,430.45,10852678.0,432.5,1.5500,0.3700
IBM,2013-03-15,437.93,444.23,437.25,22998541.0,443.66,1.5600,0.3700
IBM,2013-03-18,441.45,457.46,441.2,21649870.0,455.72,1.1200,0.4400
IBM,2013-03-19,459.5,460.97,448.5,18813330.0,454.49,1.5300,0.3300
IBM,2013-03-20,457.42,457.63,449.59,11023594.0,452.08,0.6400,0.7700
IBM,2013-03-21,450.22,457.98,450.1,13687630.0,452.73,0.9700,0.6100
IBM,2013-03-22,454.58,462.1,453.11,14110873.0,461.91,1.1200,0.0000
IBM,2013-03-25,464.69,469.95,461.78,17897634.0,463.58,1.9000,1.1100
IBM,2013-03-26,465.44,465.84,460.53,10510489.0,461.14,1.7100,0.0500
IBM,2013-03-27,456.46,456.8,450.73,11836042.0,452.08,1.7000,0.1600
IBM,2013-03-28,449.82,451.82,441.62,15820798.0,442.66,1.2400,0.5300
IBM,2013-04-01,441.9,443.7,427.74,13918927.0,428.91,1.7000,0.4100
IBM,2013-04-02,427.6,438.14,426.4,18920462.0,429.79,1.1200,0.2000
IBM,2013-04-03,431.37,437.28,430.31,12971961.0,431.99,1.4900,0.2200
IBM,2013-04-04,433.76,435.0,425.25,12809234.0,427.72,0.7100,0.6700
IBM,2013-04-05,424.5,424.95,419.68,13703354.0,423.2,0.4000,1.7800
IBM,2013-04-08,424.85,427.5,422.49,10752106.0,426.21,0.2600,0.5800
IBM,2013-04-09,426.36,428.5,422.75,10955445.0,426.98,1.0400,1.0100
IBM,2013-04-10,428.1,437.06,426.01,13425964.0,435.69,1.6700,0.1500
IBM,2013-04-11,433.72,437.99,431.2,11736299.0,434.33,1.4000,0.9900
IBM,2013-04-12,434.15,434.15,429.09,8525897.0,429.8,0.5700,1.2200
IBM,2013-04-15,427.0,427.89,419.55,11339958.0,419.85,2.1500,0.0000
IBM,2013-04-16,421.57,426.61,420.57,10920394.0,426.24,1.5600,0.5000
IBM,2013-04-17,420.27,420.6,398.11,33751923.0,402.8,1.0500,0.5100
IBM,2013-04-18,404.99,405.79,389.74,23796309.0,392.05,1.0500,1.1700
IBM,2013-04-19,387.97,399.6,385.1,21759743.0,390.53,0.8300,1.1300
IBM,2013-04-22,392.64,402.2,391.28,15354206.0,398.67,0.7900,0.8600
IBM,2013-04-23,403.99,408.38,398.81,23722707.0,406.13,0.8800,0.9200
IBM,2013-04-24,393.54,415.25,392.5,34636913.0,405.46,1.0900,0.6900
IBM,2013-04-25,411.22,413.94,407.0,13744165.0,408.38,1.3500,0.4600
IBM,2013-04-26,409.81,418.77,408.25,27295570.0,417.2,1.5700,0.0700
IBM,2013-04-29,420.45,433.62,420.0,22868730.0,430.12,1.2000,0.9900
IBM,2013-04-30,435.1,445.25,432.07,24697766.0,442.78,1.3100,0.7400
IBM,2013-05-01,444.46,444.93,434.39,18112671.0,439.29,1.1600,0.7400
IBM,2013-05-02,441.78,448.59,440.63,15072312.0,445.52,1.3200,0.8300
IBM,2013-05-03,451.31,453.23,449.15,12911684.0,449.98,1.1100,0.6300
IBM,2013-05-06,455.71,462.2,454.31,17737166.0,460.71,0.3800,1.0700
IBM,2013-05-07,464.97,465.75,453.7,17276868.0,458.66,1.2700,0.4600
IBM,2013-05-08,459.04,465.37,455.81,16878434.0,463.84,1.2500,0.5300
IBM,2013-05-09,459.81,463.0,455.58,14241068.0,456.77,1.3700,0.7700
IBM,2013-05-10,457.97,459.71,450.48,11958926.0,452.97,0.9200,0.6200
IBM,2013-05-13,451.51,457.9,451.5,11325330.0,454.74,1.1200,0.9200
IBM,2013-05-14,453.85,455.2,442.15,15968420.0,443.86,1.7000,0.2600
IBM,2013-05-15,439.16,441.0,422.36,26486155.0,428.85,1.2900,0.0000
IBM,2013-05-16,423.24,437.85,418.9,21552354.0,434.58,1.3800,0.4400
IBM,2013-05-17,439.05,440.09,431.01,15288547.0,433.26,2.0000,0.4100
IBM,2013-05-20,431.91,445.8,430.1,16127712.0,442.93,1.5100,0.0000
IBM,2013-05-21,438.15,445.48,434.2,16296320.0,439.66,0.8800,0.9000
IBM,2013-05-22,444.05,448.35,438.22,15830694.0,441.35,1.1900,0.2100
IBM,2013-05-23,435.95,446.16,435.79,12620748.0,442.14,1.3200,0.5700
IBM,2013-05-24,440.85,445.66,440.36,9872377.0,445.15,1.3600,0.0000
IBM,2013-05-28,449.9,451.11,440.85,13790884.0,441.44,1.3800,0.3600
IBM,2013-05-29,440.0,447.5,439.4,11813667.0,444.95,1.1900,0.1700
IBM,2013-05-30,445.65,454.5,444.51,12632664.0,451.58,1.3800,0.6300
IBM,2013-05-31,452.5,457.1,449.5,13725006.0,449.74,0.7200,0.9500
IBM,2013-06-03,447.78,452.36,442.48,13298263.0,450.72,0.3900,0.9100
IBM,2013-06-04,453.22,454.43,447.39,10454503.0,449.31,1.1100,0.7300
IBM,2013-06-05,445.65,450.72,443.71,10378191.0,445.11,0.1500,1.7700
IBM,2013-06-06,445.47,447.0,434.05,14895494.0,438.46,0.7300,2.0000
IBM,2013-06-07,436.5,443.24,432.77,14455098.0,441.81,0.5200,1.7300
IBM,2013-06-10,444.73,449.08,436.8,16084149.0,438.89,0.8200,0.7800
IBM,2013-06-11,435.74,442.76,433.32,10203764.0,437.6,0.3800,1.8200
IBM,2013-06-12,439.5,441.25,431.5,9479524.0,432.19,0.6800,1.3600
IBM,2013-06-13,432.5,437.14,428.75,10218298.0,435.96,0.7000,0.8200
IBM,2013-06-14,435.4,436.29,428.5,9381840.0,430.05,1.8400,0.0000
IBM,2013-06-17,431.44,435.7,430.36,9265779.0,432.0,0.7000,0.9500
IBM,2013-06-18,431.56,434.9,430.21,6970064.0,431.77,1.1500,1.0000
IBM,2013-06-19,431.4,431.66,423.0,11108255.0,423.0,1.6600,0.0000
IBM,2013-06-20,419.3,425.98,415.17,12767794.0,416.84,1.0000,0.7300
IBM,2013-06-21,418.49,420.0,408.1,17185334.0,413.5,1.3700,0.3700
IBM,2013-06-24,407.4,408.66,398.05,17169490.0,402.54,0.2800,0.6000
IBM,2013-06-25,405.7,407.79,398.83,11226398.0,402.63,0.5700,0.0000
IBM,2013-06-27,399.25,401.39,393.54,12050007.0,393.78,0.4800,1.6400
IBM,2013-06-28,391.36,400.27,388.87,20665631.0,396.53,0.7000,0.8700
IBM,2013-07-01,402.69,412.27,401.22,13970435.0,409.22,1.1800,0.6400
IBM,2013-07-02,409.96,421.63,409.47,16788797.0,418.49,0.7400,0.7600
IBM,2013-07-03,420.86,422.98,417.45,8604594.0,420.8,0.4500,1.1200
IBM,2013-07-05,420.39,423.29,415.35,9788680.0,417.42,1.0900,0.6700
IBM,2013-07-08,420.11,421.0,410.65,10654060.0,415.05,0.3500,0.5600
IBM,2013-07-09,413.6,423.5,410.38,12596034.0,422.35,0.7700,0.8100
IBM,2013-07-11,422.95,428.25,421.17,11659852.0,427.29,0.7900,1.3900
IBM,2013-07-12,427.65,429.79,423.41,9987209.0,426.51,1.2200,0.4800
IBM,2013-07-15,425.01,431.46,424.8,8649015.0,427.44,1.6600,0.6700
IBM,2013-07-16,426.52,430.71,424.17,7733481.0,430.2,0.2200,0.2600
IBM,2013-07-18,433.38,434.87,430.61,7822974.0,431.76,0.9800,0.6200
IBM,2013-07-19,433.1,433.98,424.35,9599245.0,424.95,1.1300,0.4700
IBM,2013-07-22,429.46,429.75,425.47,7428228.0,426.31,1.4200,1.1100
IBM,2013-07-23,426.0,426.96,418.71,13192629.0,418.99,1.9400,0.0000
IBM,2013-07-24,438.93,444.59,435.26,21144832.0,440.51,1.6500,0.4000
IBM,2013-07-25,440.7,441.4,435.81,8202948.0,438.5,1.4400,0.7800
IBM,2013-07-26,435.3,441.04,434.34,7152679.0,440.99,0.3300,1.2000
IBM,2013-07-29,440.8,449.99,440.2,8872900.0,447.79,0.0000,2.7800
IBM,2013-07-30,449.96,457.15,449.23,11050795.0,453.32,1.3400,0.4800
IBM,2013-07-31,454.99,457.34,449.43,11534193.0,452.53,0.9000,1.0200
IBM,2013-08-01,455.75,456.8,453.26,7366046.0,456.68,0.0000,2.9400
IBM,2013-08-02,458.01,462.85,456.66,9813618.0,462.54,1.2500,0.4500
IBM,2013-08-05,464.69,470.67,462.15,11387656.0,469.45,1.7900,0.0000
IBM,2013-08-06,468.02,471.89,462.17,11961220.0,465.25,0.5300,1.2600
IBM,2013-08-07,463.8,467.0,461.77,10673424.0,464.98,0.9800,1.1200
IBM,2013-08-08,463.86,464.1,457.95,9142834.0,461.01,0.5900,1.1300
IBM,2013-08-09,458.64,460.46,453.65,9557887.0,454.45,0.7000,1.3200
IBM,2013-08-12,456.86,468.65,456.63,13015470.0,467.36,1.4800,0.3600
IBM,2013-08-13,470.94,494.66,468.05,31497848.0,489.57,1.1800,0.2900
IBM,2013-08-14,497.88,504.25,493.4,27013273.0,498.5,0.7100,0.9100
IBM,2013-08-15,496.42,502.4,489.08,17510501.0,497.91,1.1300,1.0900
IBM,2013-08-16,500.15,502.94,498.86,12939408.0,502.33,0.6500,0.7500
IBM,2013-08-19,504.34,513.74,504.0,18232783.0,507.74,1.3700,0.3800
IBM,2013-08-20,509.71,510.57,500.82,12810249.0,501.07,1.0200,0.6900
IBM,2013-08-21,503.59,507.15,501.2,11995615.0,502.36,0.9400,0.6500
IBM,2013-08-22,504.98,505.59,498.2,8682329.0,502.96,0.1700,1.5500
IBM,2013-08-23,503.27,503.35,499.35,7954603.0,501.02,1.7000,0.0000
IBM,2013-08-26,500.75,510.2,500.5,11754682.0,502.97,1.0900,0.6900
IBM,2013-08-27,498.0,502.51,486.3,15149587.0,488.59,0.5900,0.4500
IBM,2013-08-28,486.0,495.8,486.0,10869536.0,490.9,1.1000,0.4600
IBM,2013-08-29,491.65,496.5,491.13,8559102.0,491.7,1.4900,0.4300
IBM,2013-08-30,492.0,492.95,486.5,9728684.0,487.22,0.4400,1.6300
IBM,2013-09-03,493.1,500.6,487.35,11860738.0,488.58,1.2700,0.6400
IBM,2013-09-04,499.56,502.24,496.28,12322554.0,498.69,1.3500,0.3700
IBM,2013-09-05,500.25,500.68,493.64,8441697.0,495.27,0.8400,0.3400
IBM,2013-09-06,498.44,499.38,489.95,12840179.0,498.22,1.4800,0.1000
IBM,2013-09-09,505.0,507.92,503.48,12167369.0,506.17,2.1700,0.0000
IBM,2013-09-10,506.2,507.45,489.5,26542696.0,494.64,1.1000,0.3700
IBM,2013-09-11,467.01,473.69,464.81,31932384.0,467.71,1.1000,0.7200
IBM,2013-09-12,468.5,475.4,466.01,14430353.0,472.69,1.1700,0.4500
IBM,2013-09-13,469.34,471.83,464.7,10672634.0,464.9,1.5000,0.1100
IBM,2013-09-16,461.0,461.61,447.22,19591095.0,450.12,1.2300,0.4600
IBM,2013-09-17,447.96,459.71,447.5,14263539.0,455.32,0.3300,1.3400
IBM,2013-09-18,463.18,466.35,460.66,16316472.0,464.68,0.7900,0.5300
IBM,2013-09-19,470.7,475.83,469.25,14447816.0,472.3,2.4400,0.0000
IBM,2013-09-20,478.0,478.55,466.0,24975046.0,467.41,0.8100,0.4400
IBM,2013-09-23,496.1,496.91,482.6,27218075.0,490.64,0.4800,1.5400
IBM,2013-09-24,494.88,495.47,487.82,13012249.0,489.1,0.6300,1.8300
IBM,2013-09-25,489.2,489.64,481.43,11319881.0,481.53,1.2700,0.6500
IBM,2013-09-26,486.0,488.56,483.9,8472169.0,486.22,1.4700,0.5200
IBM,2013-09-27,483.78,484.67,480.72,8144247.0,482.75,0.3200,1.7500
IBM,2013-09-30,477.25,481.66,474.41,9291344.0,476.75,0.8400,1.0800
IBM,2013-10-01,478.45,489.14,478.38,12638665.0,487.96,0.5000,0.8200
IBM,2013-10-02,485.63,491.8,483.75,10327986.0,489.56,0.6400,1.0000
IBM,2013-10-03,490.51,492.35,480.74,11526929.0,483.41,0.5000,1.5200
IBM,2013-10-04,483.86,484.6,478.6,9245340.0,483.03,1.0200,0.3100
IBM,2013-10-07,486.56,492.65,485.35,11153301.0,487.75,0.2300,1.5100
IBM,2013-10-08,489.94,490.64,480.54,10389858.0,480.94,0.7300,1.0800
IBM,2013-10-09,484.64,487.79,478.28,10775888.0,486.59,0.5000,0.6000
IBM,2013-10-10,491.32,492.38,487.04,9950070.0,489.64,0.7700,0.6600
IBM,2013-10-11,486.99,493.84,485.16,9562134.0,492.81,1.9600,0.0000
IBM,2013-10-14,489.83,497.58,489.35,9353506.0,496.04,0.9800,0.5500
IBM,2013-10-15,497.5,502.0,495.52,11431229.0,498.68,1.4700,0.3300
IBM,2013-10-16,500.79,502.53,499.23,8967859.0,501.11,1.0200,0.9100
IBM,2013-10-17,499.98,504.78,499.68,9056905.0,504.5,1.1200,0.7800
IBM,2013-10-18,505.99,509.26,505.71,10376510.0,508.89,1.6000,0.6400
IBM,2013-10-21,511.77,524.3,511.52,14218135.0,521.36,0.6000,0.7400
IBM,2013-10-22,526.4,528.45,508.03,19073679.0,519.87,1.2400,0.4700
IBM,2013-10-23,519.0,525.67,519.0,11204446.0,524.96,0.8800,0.7800
IBM,2013-10-24,525.0,532.47,522.45,13741585.0,531.91,0.9900,0.5800
IBM,2013-10-25,531.32,533.23,525.11,12064019.0,525.96,0.9000,0.4200
IBM,2013-10-28,529.04,531.0,523.21,19658589.0,529.88,1.5400,0.0000
IBM,2013-10-29,536.27,539.25,514.54,22707445.0,516.68,1.4800,0.4300
IBM,2013-10-30,519.61,527.52,517.02,12648671.0,524.9,0.7200,0.7600
IBM,2013-10-31,525.0,527.49,521.27,9846255.0,522.7,0.5800,0.5900
IBM,2013-11-01,524.02,524.8,515.84,9817472.0,520.03,1.3800,0.3000
IBM,2013-11-04,521.1,526.82,518.81,8736719.0,526.75,1.2400,0.4700
IBM,2013-11-05,524.58,528.88,523.0,9481153.0,525.45,1.8700,0.1500
IBM,2013-11-06,524.15,524.86,518.2,7977736.0,520.92,1.4200,0.4400
IBM,2013-11-07,519.58,523.19,512.38,9379300.0,512.49,1.1600,0.4600
IBM,2013-11-08,514.58,521.13,512.59,9975649.0,520.56,1.3700,0.8900
IBM,2013-11-11,519.99,521.67,514.41,8123329.0,519.05,1.1500,0.3800
IBM,2013-11-12,517.67,523.92,517.0,7302093.0,520.01,1.5400,0.4500
IBM,2013-11-13,518.0,522.25,516.96,7043561.0,520.63,1.2100,0.3900
IBM,2013-11-14,522.81,529.28,521.87,10086441.0,528.16,1.5400,0.5000
IBM,2013-11-15,526.58,529.09,524.49,11354252.0,524.99,1.2800,1.6200
IBM,2013-11-18,524.99,527.19,518.2,8748032.0,518.63,1.3100,0.5500
IBM,2013-11-19,519.03,523.38,517.97,7462101.0,519.55,1.6000,0.5300
IBM,2013-11-20,519.23,520.42,514.33,6935114.0,515.0,0.8400,0.9600
IBM,2013-11-21,517.6,521.21,513.67,9358123.0,521.14,0.5500,1.2300
IBM,2013-11-22,519.52,522.16,518.53,7990176.0,519.8,0.5700,1.4600
IBM,2013-11-25,521.02,525.87,521.0,8192629.0,523.74,0.8000,1.0100
IBM,2013-11-26,524.12,536.14,524.0,14335104.0,533.4,1.2100,0.7100
IBM,2013-11-27,536.31,546.0,533.4,12980263.0,545.96,1.3500,0.1300
IBM,2013-11-29,549.48,558.33,547.81,11361745.0,556.07,1.2600,0.4900
IBM,2013-12-02,558.0,564.33,550.82,16876555.0,551.23,0.9900,0.3700
IBM,2013-12-03,558.3,566.38,557.68,16105962.0,566.32,0.8900,0.7400
IBM,2013-12-04,565.5,569.19,560.82,13493238.0,565.0,0.6300,1.0300
IBM,2013-12-05,572.65,575.14,566.41,15985045.0,567.9,1.4200,0.0000
IBM,2013-12-06,565.79,566.75,559.57,12298336.0,560.02,1.2500,0.3500
IBM,2013-12-09,560.95,569.58,560.9,11446219.0,566.43,0.8100,0.3300
IBM,2013-12-10,563.64,567.88,561.2,9938230.0,565.55,0.5100,1.8600
IBM,2013-12-11,567.04,570.97,559.69,12847099.0,561.36,0.9500,0.8600
IBM,2013-12-12,562.69,565.34,560.03,9367474.0,560.54,0.7800,0.7300
IBM,2013-12-13,562.39,562.88,553.67,11886469.0,554.43,1.0000,0.5500
IBM,2013-12-16,555.61,562.64,555.01,10092636.0,557.5,1.3100,0.3500
IBM,2013-12-17,555.7,559.44,553.38,8210807.0,554.99,1.9100,0.4700
IBM,2013-12-18,547.46,551.45,538.8,20209401.0,550.77,0.8300,0.8600
IBM,2013-12-19,548.65,550.0,543.73,11462767.0,544.46,0.9800,0.4300
IBM,2013-12-20,545.34,551.61,544.82,15586205.0,549.02,1.5200,0.3900
IBM,2013-12-23,568.0,570.72,562.76,17903833.0,570.09,0.5600,1.4000
IBM,2013-12-24,569.89,571.88,566.03,5984105.0,567.67,1.3800,0.1700
IBM,2013-12-26,568.1,569.5,563.38,7286005.0,563.9,1.4900,0.2000
IBM,2013-12-27,563.82,564.41,559.5,8067331.0,560.09,1.4200,0.0000
IBM,2013-12-30,557.46,560.09,552.32,9058246.0,554.52,1.0200,0.6900
IBM,2013-12-31,554.17,561.28,554.0,7974196.0,561.02,1.7600,0.0000
IBM,2014-01-02,555.68,557.03,552.02,8398851.0,553.13,0.0000,2.2000
IBM,2014-01-03,552.86,553.7,540.43,14043410.0,540.98,0.0000,0.5000
IBM,2014-01-06,537.45,546.8,533.6,14765593.0,543.93,1.0200,0.6500
IBM,2014-01-07,544.32,545.96,537.92,11347538.0,540.04,1.3600,0.4300
IBM,2014-01-08,538.81,545.56,538.69,9240955.0,543.46,1.1900,0.9100
IBM,2014-01-09,546.8,546.86,535.35,9986457.0,536.52,1.1200,0.8800
IBM,2014-01-13,529.91,542.5,529.88,13551549.0,535.73,0.7000,0.8600
IBM,2014-01-14,538.22,546.73,537.66,11962053.0,546.39,2.5300,0.0000
IBM,2014-01-15,553.52,560.2,551.66,14067517.0,557.36,1.9200,0.0000
IBM,2014-01-16,554.9,556.85,551.68,8210190.0,554.25,2.6100,0.0000
IBM,2014-01-17,551.48,552.07,539.9,15489527.0,540.67,1.3800,0.4800
IBM,2014-01-21,540.99,550.07,540.42,11750792.0,549.07,0.9700,1.1100
IBM,2014-01-22,550.91,557.29,547.81,13602762.0,551.51,0.9000,1.0100
IBM,2014-01-23,549.94,556.5,544.81,14425478.0,556.18,0.8300,1.1100
IBM,2014-01-24,554.0,555.62,544.75,15483491.0,546.07,0.8400,0.8700
IBM,2014-01-27,550.07,554.8,545.75,20602736.0,550.5,1.0200,1.1200
IBM,2014-01-28,508.76,515.0,502.07,37607745.0,506.5,1.8400,0.0000
IBM,2014-01-29,503.95,507.37,498.62,17920676.0,500.75,1.4100,0.4900
IBM,2014-01-30,502.54,506.5,496.7,24251827.0,499.78,0.2200,0.5700
IBM,2014-01-31,495.18,501.53,493.55,16560318.0,500.6,1.6700,0.0000
IBM,2014-02-03,502.61,507.73,499.3,14374396.0,501.53,1.1100,0.4100
IBM,2014-02-04,505.85,509.46,502.76,13558570.0,508.79,0.5600,1.3600
IBM,2014-02-05,506.56,515.28,506.25,11704148.0,512.59,1.3600,0.6900
IBM,2014-02-06,510.06,513.5,507.81,9186892.0,512.51,1.5300,0.1600
IBM,2014-02-07,521.38,522.93,517.38,13376943.0,519.68,0.9500,0.7200
IBM,2014-02-10,518.66,531.99,518.0,12350146.0,528.99,1.2600,0.0000
IBM,2014-02-11,530.61,537.75,529.5,10096036.0,535.96,1.3700,0.0300
IBM,2014-02-12,536.95,539.56,533.24,11018152.0,535.92,1.1900,0.7100
IBM,2014-02-13,534.66,544.85,534.2,10994308.0,544.43,1.7200,0.0000
IBM,2014-02-14,542.47,545.98,541.21,9747021.0,543.99,1.3700,0.6500
IBM,2014-02-18,546.0,551.19,545.61,9329464.0,545.99,0.9400,0.5800
IBM,2014-02-19,544.75,546.89,534.35,11222060.0,537.37,1.4100,0.0700
IBM,2014-02-20,532.99,537.0,529.0,10875363.0,531.15,2.0700,0.0000
IBM,2014-02-21,532.79,534.57,524.6,9965321.0,525.25,0.5400,0.6000
IBM,2014-02-24,523.15,529.92,522.42,10337850.0,527.55,0.7500,1.0200
IBM,2014-02-25,529.38,529.56,521.0,8258855.0,522.06,0.9500,0.4700
IBM,2014-02-26,523.61,525.0,515.6,9875898.0,517.35,1.2200,1.1000
IBM,2014-02-27,517.14,528.78,516.05,10793903.0,527.67,0.9700,0.6600
IBM,2014-02-28,529.08,532.75,522.12,13226429.0,526.24,1.0900,0.0800
IBM,2014-03-03,523.42,530.65,522.81,8503027.0,527.76,0.0000,1.4000
IBM,2014-03-04,531.0,532.64,527.77,9269262.0,531.24,1.9000,0.0000
IBM,2014-03-05,530.92,534.75,529.13,7152217.0,532.36,1.6300,0.0900
IBM,2014-03-06,532.79,534.44,528.1,6592985.0,530.75,1.0400,0.4200
IBM,2014-03-07,531.09,531.98,526.05,7847744.0,530.44,0.7300,0.2800
IBM,2014-03-10,528.36,533.33,528.34,6384490.0,530.92,1.5000,0.1600
IBM,2014-03-11,535.45,538.74,532.59,9938910.0,536.09,1.2700,0.4400
IBM,2014-03-12,534.51,537.35,532.0,7113173.0,536.61,1.2900,0.0200
IBM,2014-03-13,537.44,539.66,529.16,9205087.0,530.65,0.6600,0.8700
IBM,2014-03-14,528.79,530.89,523.0,8433666.0,524.69,0.5600,1.0500
IBM,2014-03-17,527.7,529.97,525.85,7126582.0,526.74,1.7000,0.0000
IBM,2014-03-18,525.9,531.97,525.2,7487409.0,531.4,1.0700,0.5900
IBM,2014-03-19,532.26,536.24,529.0,7999415.0,531.26,0.0000,1.0400
IBM,2014-03-20,529.89,532.67,527.35,7408100.0,528.7,0.5600,0.1200
IBM,2014-03-21,531.93,533.75,526.33,13373167.0,532.87,0.0000,0.9000
